epoch_ms,battery_temp_x10,thermal_status,ap_c,skin_c,bat_c,level,wakefulness
1790984894780,320,0,38.7,33.6,32.3,99,ok
1790984899377,320,0,38.7,33.6,32.3,99,ok
1790984904054,320,0,38.6,33.6,32.0,99,ok
1790984908619,320,0,38.6,33.6,32.0,99,ok
1790984913182,321,0,44.7,34.4,32.0,99,ok
1790984917791,321,0,44.7,34.4,32.0,99,ok
1790984922355,321,0,45.6,35.1,32.1,99,ok
1790984926926,325,0,45.6,35.1,32.1,99,ok
1790984931494,325,0,46.9,35.8,32.5,99,ok
1790984936025,329,0,46.9,35.8,32.5,99,ok
1790984940608,329,0,46.9,35.8,32.5,99,ok
1790984945174,332,0,47.6,36.3,32.9,99,ok
1790984949846,332,0,47.6,36.3,32.9,99,ok
1790984954518,335,0,44.1,36.3,33.2,99,ok
1790984959195,335,0,44.1,36.3,33.2,99,ok
1790984963891,335,0,43.9,36.2,33.5,99,ok
1790984968569,336,0,43.9,36.2,33.5,99,ok
1790984973212,336,0,43.5,36.1,33.6,99,ok
1790984977906,337,0,43.5,36.1,33.6,99,ok
1790984982581,337,0,43.0,36.1,33.7,99,ok
1790984987256,337,0,43.0,36.1,33.7,99,ok
1790984991930,337,0,42.5,36.1,33.7,99,ok
1790984996602,338,0,42.5,36.1,33.7,99,ok
1790985001307,338,0,42.9,36.1,33.8,99,ok
1790985005932,339,0,42.9,36.1,33.8,99,ok
1790985010564,339,0,42.9,36.1,33.8,99,ok
1790985015237,339,0,42.8,36.2,33.9,99,ok
1790985019884,339,0,42.8,36.2,33.9,99,ok
1790985024564,339,0,42.7,36.2,33.9,99,ok
1790985029224,340,0,42.7,36.2,33.9,99,ok
1790985033893,340,0,43.8,36.3,34.0,99,ok
1790985038533,341,0,43.8,36.3,34.0,99,ok
1790985043224,341,0,43.0,36.3,34.1,99,ok
1790985047835,341,0,43.0,36.3,34.1,99,ok
1790985052527,341,0,43.6,36.4,34.1,99,ok
1790985057156,342,0,43.6,36.4,34.1,99,ok
1790985061875,342,0,43.1,36.5,34.2,99,ok
1790985066489,342,0,43.1,36.5,34.2,99,ok
1790985071198,343,0,43.8,36.6,34.3,99,ok
1790985075892,343,0,43.8,36.6,34.3,99,ok
1790985080507,344,0,43.8,36.6,34.3,99,ok
1790985085131,344,0,43.8,36.7,34.4,99,ok
1790985089789,345,0,43.8,36.7,34.4,99,ok
1790985094525,345,0,43.9,36.8,34.5,99,ok
1790985099127,346,0,43.9,36.8,34.5,99,ok
1790985103786,346,0,43.9,36.8,34.6,99,ok
1790985108456,347,0,43.9,36.8,34.6,99,ok
1790985113170,347,0,43.4,36.9,34.7,99,ok
1790985117798,347,0,43.4,36.9,34.7,99,ok
1790985122503,348,0,43.7,36.9,34.8,99,ok
1790985127258,348,0,43.7,36.9,34.8,99,ok
1790985131930,348,0,43.6,37.0,34.8,99,ok
1790985136608,348,0,43.6,37.0,34.8,99,ok
1790985141316,349,0,43.9,37.1,34.9,99,ok
1790985146003,349,0,43.9,37.1,34.9,99,ok
1790985150708,350,0,43.9,37.1,34.9,99,ok
1790985155377,350,0,45.7,37.3,35.0,99,ok
1790985160070,352,0,45.7,37.3,35.0,99,ok
1790985164734,352,0,44.6,37.6,35.2,99,ok
1790985169415,352,0,44.6,37.6,35.2,99,ok
1790985174086,353,0,45.0,37.6,35.3,99,ok
1790985178771,353,0,45.0,37.6,35.3,99,ok
1790985183461,354,0,44.3,37.5,35.4,99,ok
1790985188091,354,0,44.3,37.5,35.4,99,ok
1790985192684,354,0,44.7,37.6,35.4,99,ok
1790985197333,354,0,44.7,37.6,35.4,99,ok
1790985202076,355,0,44.5,37.6,35.5,99,ok
1790985206768,355,0,44.5,37.6,35.5,99,ok
1790985211393,356,0,44.6,37.7,35.6,99,ok
1790985216129,356,0,44.6,37.7,35.6,99,ok
1790985220781,356,0,44.6,37.7,35.6,99,ok
1790985225477,356,0,44.6,37.7,35.6,99,ok
1790985230171,356,0,44.6,37.7,35.6,99,ok
1790985234819,357,0,44.4,37.8,35.6,99,ok
1790985239469,357,0,44.4,37.8,35.6,99,ok
1790985244173,358,0,45.4,37.9,35.7,99,ok
1790985248804,358,0,45.4,37.9,35.7,99,ok
1790985253493,358,0,45.0,38.0,35.8,99,ok
1790985258206,358,0,45.0,38.0,35.8,99,ok
1790985262902,359,0,44.0,37.9,35.8,99,ok
1790985267619,359,0,44.0,37.9,35.8,99,ok
1790985272275,359,0,43.8,37.8,35.9,99,ok
1790985276970,359,0,43.8,37.8,35.9,99,ok
1790985281632,359,0,43.6,37.8,35.9,99,ok
1790985286367,359,0,43.6,37.8,35.9,99,ok
1790985291107,359,0,43.6,37.8,35.9,99,ok
1790985295820,359,0,43.6,37.8,35.9,99,ok
1790985300589,359,0,43.6,37.8,35.9,99,ok
1790985305270,359,0,43.5,37.7,35.9,99,ok
1790985310058,359,0,43.5,37.7,35.9,99,ok
1790985314813,360,0,43.8,37.8,35.9,99,ok
1790985319551,360,0,43.8,37.8,35.9,99,ok
1790985324343,360,0,43.4,37.8,36.0,99,ok
1790985329107,360,0,43.4,37.8,36.0,99,ok
1790985333819,360,0,43.9,37.7,36.0,99,ok
1790985338578,360,0,43.9,37.7,36.0,99,ok
1790985343271,360,0,43.6,37.8,36.0,99,ok
1790985347978,360,0,43.6,37.8,36.0,99,ok
1790985352712,360,0,43.8,37.8,36.0,99,ok
1790985357491,361,0,43.8,37.8,36.0,100,ok
